Tydeman Cay,858,2
	TYDSL1,2678,8,-13.971500,144.501694,2
	TYDDSL1,2614,23,-13.971400,144.501602,15250243
	TYDFL1,14555,3,-13.971500,144.501694,45446677
Green Island, Qld,902,122
	GRESL1,2672,6,-16.775499,145.980301,122
	GREFL1,2671,0,-16.758301,145.970001,11441
Halftide Rocks AWS,976,242
	HALAWS,3032,7,-23.153601,150.938293,242
Pine Island,986,349
	PINESL1,3080,6,-20.378000,148.888397,349
	PINEFL1,3079,4,-20.378000,148.888397,24314
Hook Island,1057,469
	HOOKFL1,3678,2,-20.168100,148.887100,469
	HOOKSL1,3717,7,-20.168100,148.887100,247739
Dunk Island,1005,709
	DUNKFL1,3168,3,-17.926300,146.146103,709
	DUNKSL1,3169,5,-17.926300,146.146103,1560111
Lucinda,907,829
	LUCFL1,2676,0,-18.521099,146.384094,829
	LUCSL1,2677,5,-18.521099,146.384094,1669
Sand Bank No7,913,949
	SANSL1,2683,8,-13.436100,143.972107,949
	SANDSL1,3015,20,-13.436000,143.972107,1540646
	SANFL1,14556,3,-13.436300,143.972198,71603837
Abbott Point,905,1069
	ABBSL1,2675,5,-19.858200,148.086304,1069
	ABBFL1,2674,0,-19.858200,148.086304,14592929
Kelso Reef,863,1189
	KELFL1,2619,2,-18.444799,146.993301,1189
	KELSL1,2620,7,-18.422100,146.984604,1145785
	KELSL2,3958,6,-18.420700,146.986404,1635714
	KELDSL1,2660,18,-18.422100,146.984604,25270491
	KELFL2,2890,0,-18.444799,146.993301,138022273
Shute and Tancred Islands,1058,1309
	SHTANSL1,3679,7,-20.300900,148.798294,1309
	SHTANFL1,3716,2,-20.300900,148.798294,637095
Cook Island,1053,1429
	COOK,3641,9,-28.193100,153.578506,1429
High Island,1009,1549
	HIGHFL2,3179,4,-17.162201,146.007004,1549
	HIGHSL2,3180,5,-17.162201,146.007004,2112197
	HIGHFL1,3173,1,-17.163401,146.012604,141957033
	HIGHSL1,3172,6,-17.163601,146.013199,142721268
Agincourt Reef Number 3,1,1909
	AG3SL1old,14276,5,-15.990500,145.821304,1909
	AG3FL1,2687,0,-15.990300,145.821198,11472
Double Cone,988,15811
	DBLCSL1,3085,6,-20.105101,148.721893,15811
	DBLCFL1,3084,3,-20.104601,148.721802,9326404
Barren Island,1041,18647
	BARRSL1,3262,5,-23.157801,151.070694,18647
	BARRFL1,3119,4,-23.157801,151.070694,823698
	BARRSL2,15415,7,-23.156601,151.072800,62467486
Goble Reef,1061,36477
	GOBSL1,3698,10,-20.764700,150.489502,36477
	GOBFL1,3707,1,-20.764700,150.491592,234085
Lizard Island,1166,94441
	LIZFL1,2649,2,-14.688400,145.442200,94441
	LIZSL1,2684,7,-14.691100,145.469498,288400
Wilkie Island,994,95853
	WILKFL1,3096,3,-13.779000,143.640594,95853
	WILKSL1,3097,7,-13.779200,143.640594,28578718
Seaforth Island,990,100212
	SEAFSL1,3087,7,-20.468500,149.038895,100212
	SEAFFL1,3086,4,-20.468500,149.038895,709232
20-344 Reef,1062,101447
	20-344SL1,3699,11,-20.771799,150.891602,101447
	20-344FL1,3706,1,-20.772200,150.892502,250302
Low Isles,915,149185
	LOWFL1,2685,0,-16.383101,145.561905,149185
	LOWSL1,2686,5,-16.386499,145.572800,794747
Mermaid Reef,1054,160092
	MERMAIDOUTSL1,3674,6,-17.065701,119.649200,160092
	MERMAIDLAGSL1,3673,6,-17.075500,119.646004,8812642
	MERMAID_RS1_1_6m,14999,6,-17.066000,119.649696,55917587
	MERMAID_M12_BT,14996,2,-17.115299,119.634697,67331165
	MERMAID_RS1_1_3m,15000,3,-17.066000,119.649696,67340397
	MERMAID_M12_BB,14995,7,-17.114799,119.634300,67350799
	MERMAID_M11_BT,14998,3,-17.132999,119.633797,99676621
	MERMAID_RS1_S_6m,15019,5,-17.130899,119.661400,100750861
Pelican Island,1065,177237
	PELFL1,3120,2,-23.239700,150.874207,177237
	PELSL1,3709,5,-23.238899,150.874496,424177
Fitzroy Island,1011,183321
	FITZSL2,3174,6,-16.923100,145.996307,183321
	FITZFL2,3175,2,-16.923300,145.996307,1596245
	FITZSL1,2898,3,-16.932199,145.986496,138041806
Pandora Reef,1037,186951
	PANFL1,3246,4,-18.816401,146.434097,186951
	PANSL1,3247,7,-18.816799,146.434601,315612
	PANSL2,10016,5,-18.811600,146.429993,18089144
	PANCH1,13475,3,-18.812901,146.426498,27994036
	PANFL2,10295,0,-18.813999,146.436005,124543590
Cape Flattery,929,186971
	CFLSL1,2702,5,-14.952200,145.311493,186971
	CFLFL1,2701,0,-14.952200,145.311493,136165473
King Reef,1059,199892
	KINGSL1,3681,6,-17.774401,146.158905,199892
	KINGFL1,6347,2,-17.774401,146.158905,4561607
Mangrove Bay,1071,255236
	NINGSL1,3726,8,-22.012699,113.898598,255236
Turner Cay,896,264109
	TURDSL1,2665,20,-21.702801,152.560593,264109
	TURSL1,2664,0,-21.703100,152.560501,41162410
	TURFL1,2755,1,-21.707701,152.563095,73299195
Northeast Reef,1060,279036
	NEFL1,3682,4,-18.571800,146.494705,279036
	NESL1,3038,5,-18.571699,146.495102,28044555
Humpy Island,1039,390605
	HUMPSL1,3260,7,-23.216299,150.963394,390605
	HUMPFL1,3259,4,-23.216200,150.963806,680134
	HUMPSL2,5918,7,-23.216299,150.963394,6596063
Flinders Reef,1070,390725
	FLINDERSSL1,3725,4,-17.717400,148.445206,390725
	FLINDERSSL2,14617,9,-17.712299,148.450897,42074209
Lady Elliot Reef,1066,574389
	LELLSL1,3715,5,-18.680201,146.332993,574389
	LELLFL1,3714,2,-18.679800,146.332504,1084209
Coconut Beach Reef,859,575646
	COCFL1,2617,1,-16.103600,145.467606,575646
	COCSL1,2615,4,-16.103600,145.467606,24853666
Daydream Island,866,576114
	DAYSL1,2622,7,-20.255699,148.812195,576114
	DAYFL1,2949,4,-20.255699,148.812195,709282
Hayman Island,865,591025
	HAYFL1,2621,2,-20.041300,148.881897,591025
	HAYSL1,2644,9,-20.057199,148.899704,735581
Chicken Reef,1047,592199
	CHISL1,2635,7,-18.652100,147.721695,592199
	CHIFL1,2724,3,-18.653400,147.719894,1237605
	CHISL2,3307,6,-18.655800,147.723801,144544944
Havannah Island,1075,631762
	HAVSL1,3748,5,-18.847500,146.542694,631762
	HAVFL1,3749,2,-18.847200,146.542801,1199233
	HAVSL2,14975,8,-18.831499,146.537399,71313695
Halfway Island,890,642906
	HALSL1,2651,6,-23.201500,150.970093,642906
	HALFL1,2652,2,-23.200500,150.970596,4080868
Myrmidon Reef,7,681145
	MYRFL1,2631,4,-18.258499,147.381393,681145
	MYRSL3B,3963,7,-18.274200,147.381699,1551541
	MYRSL1,2726,8,-18.257200,147.381302,1705793
	MYRSL2A,3962,7,-18.274200,147.381699,2077080
	MYRSL2B,3969,7,-18.274200,147.381699,3115156
	MYRSL3A,3966,10,-18.274200,147.381699,3688029
	MYRDSL1,2632,19,-18.256701,147.380997,8292520
Dip Reef,876,709176
	DIPFL1,2720,3,-18.401501,147.451004,709176
	DIPSL1,2633,9,-18.399900,147.451904,1256342
	DIPSL2,2634,6,-18.401501,147.451096,135255650
Middleton Reef,1000,712715
	MIDTONLAGSL1,3148,4,-29.452000,159.100494,712715
	MIDTONOUTFL2,3742,3,-29.450100,159.068695,1456543
	MIDTONOUTSL2,3144,7,-29.450100,159.068695,1915773
	MIDTONLAGSL1WTEMP,9910,4,-29.450701,159.079300,8502304
	MIDTONLAGFL1,12703,2,-29.451900,159.100494,72817221
Heron Island,130,718144
	HERFL1,2650,1,-23.438400,151.918198,718144
	HERSL1,2668,8,-23.443501,151.908096,831139
	HERFL2,2638,0,-23.443600,151.911499,135274856
	HERFL5,2639,0,-23.444799,151.918396,135283491
	HERFL3,2641,0,-23.444099,151.913101,135379817
	HERFL4,2640,0,-23.444799,151.914902,135616882
Snapper Island North,1045,757555
	SNAPISFL1,3293,2,-16.292400,145.496902,757555
	SNAPISSL1,3291,7,-16.291901,145.496506,1549423
Tryon Island,885,762515
	TRYFL1,2642,1,-23.245701,151.773895,762515
	TRYSL1,2643,11,-23.246500,151.776794,822433
Middle Reef,926,770088
	MIRSL1,2698,7,-19.201099,146.820908,770088
	MIRSL2,10155,4,-19.194500,146.810196,9461253
Frederick Reef,1074,796821
	FREDERICKFL1,3746,3,-20.936100,154.401505,796821
	FREDERICKFL2,5445,2,-20.937099,154.397507,4054166
Florence Bay,879,1074754
	FLOFL1,2636,3,-19.122200,146.880096,1074754
	FLOSL1,2637,8,-19.122499,146.881607,4912606
North Keppel Island,1026,1093212
	NKEPPSL1,3209,5,-23.086399,150.905197,1093212
	NKEPPFL1,3208,2,-23.086399,150.905197,1875051
	KEPFL1,2905,0,-23.086500,150.900208,138122807
	KEPSL1,2906,6,-23.085199,150.901703,138170914
Night Island,910,1093372
	NIGFL1,2762,5,-13.169100,143.580307,1093372
	NIGSL1,2680,8,-13.169000,143.580307,3912198
Vannessas,1078,1107763
	VANSL1,3961,9,-5.295000,150.128494,1107763
	VANDSL1,3970,20,-5.295000,150.128494,2114172
	VANFL1,3973,0,-5.295000,150.128494,2133983
Elizabeth Reef,1004,1117074
	ELIZOUTSL2,3149,5,-29.924400,159.057602,1117074
	ELIZLAGSL1,3182,4,-29.937700,159.093399,1552390
	ELIZOUTFL2,9913,2,-29.921700,159.054993,10746610
	ELIZLAGFL1,9908,1,-29.931000,159.075500,20154999
John Brewer,747,1124502
	JBRFL1,2722,3,-18.618999,147.081100,1124502
	JBRCHS9M,14185,0,-18.646099,147.045105,28719186
	JBRCHS2M,14186,0,-18.646000,147.044693,30862119
	JBRCHS6M,14184,0,-18.646099,147.044693,33649639
	JBRSL1,2723,8,-18.618799,147.081497,35445613
	JBRCHN9M,14187,0,-18.618799,147.081497,41049869
	JBRCH10M,14136,0,-18.618799,147.081497,68836610
	JBRFL2,14135,0,-18.618799,147.081497,131780208
	JBRCHN2M,14188,0,-18.618799,147.081497,132606769
Willis Island,1032,1148263
	WILLFL1,3727,2,-16.286301,149.962006,1148263
	WILLFL2,3215,2,-16.289700,149.964905,7528472
Nelly Bay,924,1149210
	NELFL1,2697,2,-19.171499,146.847504,1149210
	NELSL1,2696,5,-19.172199,146.848404,8096880
Clerke Reef,1056,1224998
	CLERKELAGSL1,3675,5,-17.283800,119.370399,1224998
	CLERKEOUTSL1,4016,6,-17.253000,119.360397,3909062
	CLERKE_RS2_1_3m,15002,4,-17.284300,119.376900,67329989
	CLERKE_RS2_1_6m,15001,6,-17.284300,119.376900,67331269
	CLERKE_C13_BB,15006,6,-17.312300,119.367897,67331373
	CLERKE_C13_BT,15005,2,-17.312300,119.367897,67354192
	CLERKE_RS2_S_3m,15016,2,-17.355200,119.384003,67390589
	CLERKE_C20_BT,15007,0,-17.307501,119.371399,98782813
	CLERKE_RS2_S_6m,15017,5,-17.356199,119.383400,101283661
	CLERKE_C20_BB,15035,4,-17.307501,119.371399,103969261
East Cay,893,1264502
	EASDSL1,2661,21,-21.469500,152.566696,1264502
	EASSL1,2662,10,-21.469801,152.566605,1551193
	EASFL1,2663,1,-21.472700,152.566193,11097704
Raine Island,857,1556736
	RAIDSL1,2613,20,-11.589800,144.030899,1556736
	RAIFL1,2681,1,-11.589700,144.031097,4519437
	RAISL1,2682,6,-11.589700,144.031006,135609850
Osprey Reef,933,1570591
	OSPSL2,2710,12,-13.802800,146.544693,1570591
	OSPSL1,2714,6,-13.895700,146.555695,2579985
Kimbe Island,1035,1611172
	KIMSL1,4004,9,-5.201500,150.377808,1611172
	KIMFL1,4003,1,-5.201500,150.377594,2714997
Limuka,1079,1624937
	LIMDSL1,3967,20,-5.436900,150.097504,1624937
	LIMVDSL1,3960,35,-5.436900,150.097504,1952924
	LIMSL1,3959,8,-5.436900,150.097504,2036478
	LIMFL1,3965,0,-5.436900,150.097504,3007426
Dent Island,992,1691281
	DNTSL1,3089,7,-20.344999,148.938202,1691281
	DNTFL1,3088,2,-20.344999,148.938202,2186626
Nth Barnards (Jesse Is),1007,1851102
	NBARFL1,3170,2,-17.672199,146.174194,1851102
	NBARSL1,3171,5,-17.671700,146.174698,2288536
Tuare Reef,1077,2040480
	TUARSL1,3971,11,-5.090100,150.191803,2040480
	TUARFL1,3764,3,-5.090100,150.191803,2058358
Moore Reef,931,2128709
	MORFL1,2709,2,-16.851900,146.233597,2128709
	MORSL1,2708,9,-16.847700,146.235794,2176677
Cattle Bay,856,2186616
	CBSL2,2626,7,-18.571800,146.483002,2186616
	CBFL4,4017,3,-18.569099,146.482300,3599937
	CBSL4,4018,6,-18.569099,146.481995,4417236
	CBFL2,2612,3,-18.571899,146.483307,65017885
	CBFL3,2789,0,-18.578300,146.481705,137038898
	CBSL3,2794,5,-18.578300,146.481705,137076525
	CBSL1,2784,6,-18.569099,146.481995,137108208
	CBFL1,2782,0,-18.569099,146.481995,137184582
Mackay Reef,2688,2202580
	MACKAYFL1,12375,0,-16.039900,145.650604,2202580
	MACKAYSL1,12376,0,-16.042299,145.654495,31824308
Michaelmas Reef,2691,2205135
	MICHAELMASFL1,13536,0,-16.552799,146.045395,2205135
	MICHAELMASSL1,12580,0,-16.548599,146.050003,52267266
Scott Reef,1098,2232550
	SCOTTSL2-TIDEGUAGE1,12078,6,0.000000,0.000000,2232550
	SCOTTSL1,3988,9,-14.079300,121.947998,2304609
	SCOTTSL2,3993,9,-14.188400,121.799004,2499492
	SCOTTSL4-TIDEGUAGE3,12083,20,0.000000,0.000000,2556557
	SCOTTSS1,3991,7,-14.078800,121.977997,2566996
	SCOTTSS2,3990,6,-13.923800,121.915001,2634881
	SCOTT_RPO_3,3974,22,-14.057400,121.782997,2684272
	SCOTTSL4-TIDEGUAGE2,12082,6,0.000000,0.000000,2730184
	SCOTTSL1-TIDEGUAGE2,12076,11,0.000000,0.000000,2768263
	SCOTT_SL4,3992,9,-14.023700,121.860397,2822930
	SCOTT_RPO_5,3976,11,-14.057400,121.782997,2937541
	SCOTTSL4-TIDEGUAGE1,12081,3,0.000000,0.000000,3086959
	SCOTTSL1-TIDEGUAGE1,12075,5,0.000000,0.000000,3090558
	SCOTTSL3-TIDEGUAGE1,12080,3,0.000000,0.000000,3097663
	SCOTTSL3,3989,6,-14.069000,121.777000,3180431
	SCOTT_RPO_4,3975,7,-14.057400,121.782997,3690912
	SCOTTSL1-TIDEGUAGE3,12077,22,0.000000,0.000000,6468357
	SCOTT_RPO_1,6220,1,-14.057400,121.782997,6599302
	SCOTTSL2-TIDEGUAGE2,12079,10,0.000000,0.000000,7020375
	SCOTTSS2-3,12115,6,0.000000,0.000000,14920840
	SCOTT_RPO_2,6219,3,-14.057400,121.782997,15273434
	SCOTT_SS3,12035,9,-13.636900,122.026703,43823035
	SCOTTNR1,13275,7,-13.985100,121.876900,55342252
Ah Chong Is,1085,2501344
	AHCHONGFL1,3791,2,-20.521400,115.521400,2501344
	AHCHONGSL1,6355,6,-20.521400,115.521400,5681341
	AHCHONGFL2,6354,2,-20.521400,115.521400,7585098
	AHCHONGSL2,10275,7,-20.530100,115.453400,12611223
Davies Reef,4,2515776
	DAVAWSL1,4010,4,-18.831200,147.633896,2515776
	DAVAWSL3,3271,18,-18.831200,147.633804,2813720
	DAVAWSL2,3272,8,-18.831301,147.634003,2992481
	DAVFL1,2629,1,-18.806499,147.668793,3822319
	DAVSL1,2630,7,-18.806000,147.668594,6201800
	DAVIESCH1,13479,3,-18.830099,147.631500,27865052
	DAVIESCH2,13480,5,-18.830099,147.631500,28044622
	DAVCHS3M,14181,0,-18.847799,147.634903,29066740
	DAVCHS12M,14183,0,-18.847799,147.634903,42618160
	DAVCHS6M,14182,0,-18.847799,147.634903,53820135
	DAVCHN3M,14179,0,-18.806000,147.668900,66054552
	DAVAWS,3391,1,-18.829700,147.638504,146773571
Christmas island,1100,2701726
	CHRISTMASFL1,4013,2,-10.429500,105.667999,2701726
	CHRISTMASSL1,9680,11,-10.428700,105.667198,10230674
	CHRISTMASDSL1,12702,22,0.000000,0.000000,65016505
Motupore,1101,2701815
	MOTOSL1,4020,8,-9.522200,147.285995,2701815
	MOTOFL1,4019,3,-9.522200,147.285995,6581771
Norman Reef,871,3172563
	NORFL1,2628,0,-16.424999,145.993301,3172563
	NORSL1,2669,8,-16.426701,145.994995,18983248
North East Herald Cay,981,3287092
	NEHERALDFL1,3048,2,-16.945801,149.135300,3287092
	NEHERALDFL2,3049,2,-16.945801,149.135300,141157479
Fish Rock,1029,3779410
	FISHRK,3212,23,-30.938999,153.100204,3779410
	FISHRK-W,4007,15,-30.938900,153.100098,4891090
Marion Reef,1121,3792632
	MARIONFL1,5362,4,-19.095699,152.389404,3792632
Comets Hole,1120,3824854
	COMETSFL1,5331,4,-31.539101,159.065399,3824854
North Bay,1115,3928469
	NORTHBAYFL1,5339,2,-31.521099,159.046906,3928469
Sugarloaf west,1118,3980637
	SUGARLOAFSL1,5333,13,-31.504101,159.066803,3980637
Holmes Reef,1122,4055403
	HOLMESFL1,5364,4,-16.467400,147.872406,4055403
Vodka Beach,1128,4067823
	TRIMOUILLEDSL1,5476,20,-20.419800,115.604599,4067823
	TRIMOUILLEFL1,5471,2,-20.418501,115.583603,4394347
	TRIMOUILLESL1,5475,7,-20.416401,115.591202,4395577
Algal Hole North,1114,4080838
	ALGALSL1,5338,8,-31.562300,159.068405,4080838
Frankland Islands,1013,4235075
	FRNKSL2,3177,6,-17.226999,146.090393,4235075
	FRNKFL2,3176,3,-17.226999,146.090393,13290492
	FRNKSL1,2749,6,-17.205000,146.076004,136933475
	FRNKFL1,2748,0,-17.205000,146.076004,137184808
Lion Island,1102,4335779
	LIONSL1,4022,15,-9.535500,147.277298,4335779
	LIONFL1,4021,2,-9.535500,147.277298,5230625
Cartier,1129,4420938
	CARFL2,5477,2,-12.525800,123.574097,4420938
	CARSL1,5904,8,-12.524200,123.556503,5319919
	CARFL1,5472,1,-12.526700,123.579697,5812901
Malabar,1116,4519496
	MALABARDSL1,5337,16,-31.510599,159.055603,4519496
Ashmore,1127,4519497
	ASHSL4,5905,4,-12.239600,122.989799,4519497
	ASHSL2,5474,5,-12.224500,122.999603,4543004
	ASHSL3,6341,4,-12.224700,122.969002,6354293
	ASHDSL5,10315,19,-12.224600,122.969002,18988460
	ASHSL1,5473,3,-12.199100,123.042297,50585629
Creal Reef,1126,4538222
	CREALFL1,5451,3,-20.530399,150.375702,4538222
Sylphs Hole,1117,4627295
	SYLPHSFL1,5334,4,-31.520300,159.054703,4627295
Geoffrey Bay,923,4799794
	GBFL3,2695,2,-19.154900,146.864502,4799794
	GBSL3,2767,6,-19.154800,146.869202,4866825
	GBMMPSL,9105,5,-19.154900,146.868500,7244694
	GBMMPFL,14475,2,-19.154800,146.868500,49399758
	GBFL1,2778,0,-19.155701,146.860703,136979004
	GBSL1,2779,4,-19.156700,146.861694,137043517
	GBSL2,2781,4,-19.155001,146.865005,137088051
	GBFL2,2777,0,-19.153299,146.865005,137279084
Thursday Island,921,4988256
	THUFL1,2691,0,-10.583500,142.227402,4988256
	THUSL1,2692,5,-10.583500,142.227402,5741664
Mutton Bird Island,985,5232147
	MI,3077,12,-30.305500,153.153107,5232147
Neds Beach,1119,5256829
	NEDSSL1,5332,14,-31.513399,159.069000,5256829
Elusive Reef,1125,5913440
	ELUSIVEFL1,5446,2,-21.103600,152.764694,5913440
	ELUSIVESL1,5447,11,-21.103600,152.764694,7538928
Bougainville Reef,1123,5935517
	BOUGAINVILLEFL1,5366,3,-15.487700,147.117706,5935517
Pelorus Island,868,5946189
	PISL2,9103,4,-18.540600,146.488602,5946189
	PISL1,2627,5,-18.540600,146.488602,11109154
	PIFL1,2625,2,-18.540600,146.488800,22796646
Square Rocks,5,6030937
	SQUAREAWS,5320,7,-23.098600,150.885498,6030937
South Solitary Island,968,6135703
	SS,2986,13,-30.203699,153.264999,6135703
Groper Island-Outer Mooring,972,6599093
	GROM,2990,9,-30.159000,153.227295,6599093
Julian Rocks,1028,7090440
	JULN,3210,9,-28.610901,153.628494,7090440
Yorke Island,1130,7934820
	YORKSL1,5480,10,-9.732500,143.447006,7934820
	YORKSL6,5482,10,-9.760800,143.401306,19048355
	YORKSL3,5481,9,-9.757900,143.398499,24412431
Pioneer Bay,867,7942920
	PBSL1,2624,7,-18.611601,146.483902,7942920
	PBSL2,10095,3,-18.593700,146.484100,9378936
Cabbage Patch,1025,8008487
	CABBAGESL1,3236,10,-12.094700,96.843300,8008487
	CABBAGEFL1,3193,3,-12.096900,96.843498,142413608
Imperieuse Reef,1134,8514594
	IMPERIEUSELAGSL1,9127,3,-17.535801,118.965797,8514594
	IMPERIEUSEOUTSL1,10156,9,-17.503901,118.964798,13798182
	IMPERIEUSE_RS3_1_3m,15003,3,-17.547899,118.973503,56661020
	IMPERIEUSE_RS3_1_6m,15004,6,-17.547899,118.973503,67337323
	IMPERIEUSE_I13_BT,15015,2,-17.560600,118.940598,100210861
Central E Barrow Island Shoals,1947,8549773
	BARROWSHOALFL1,9862,3,-21.077400,115.513603,8549773
E Lowendal,1949,8550919
	LOWENDALSL2,9870,8,-20.755501,115.574600,8550919
SE Lowendal,1944,8554708
	LOWENDALSL1,9850,6,-20.784700,115.525101,8554708
	LOWENDALSL1S,10775,4,-20.784700,115.525101,11111392
Miall,1951,9323638
	MIALLFL1,9854,2,-23.154800,150.903595,9323638
E Dugong Reef,1945,9358324
	EDUGONGSL1,9858,4,-20.901899,115.461601,9358324
Baudisson Island,2035,10530783
	BAUDISSONSL1A,10238,10,-2.742600,150.657593,10530783
S Batman Reef,1946,12162266
	BATMANFL1,9864,3,-20.959900,115.465401,12162266
Arlington Reef,942,12501135
	ARLSL1,2738,7,-16.646099,146.110703,12501135
	ARLFL1,2739,2,-16.689100,146.087097,15676174
Ningaloo Reef,8,12836199
	14MLELGER,9912,2,-23.280500,113.788696,12836199
	ELLES_MA,14862,2,-23.338900,113.787697,45724701
	CORALBAY_2,14859,3,-23.208599,113.771896,67331902
	BUNDEGI_BR,14858,3,-21.863199,114.160202,93543740
	TANTABIDDI_SL1,14856,7,-21.889799,113.951897,93543794
	TANTABIDDI_3,14857,2,-21.921900,113.962502,93760071
	WINDERABANDI,14855,2,-22.495001,113.723297,97920496
NE of Bridled Is,1943,12946679
	BRIDLEDSL1,9872,8,-20.629499,115.582901,12946679
AIMS Wharf WS,742,13302412
	AIMSWHARFP1,10496,1,-19.276899,147.058807,13302412
Wallace Islet,898,13617861
	WALSL1,2666,7,-11.440900,143.033600,13617861
	WALFL1,2667,2,-11.441300,143.033493,29882791
Wheatsheath,1148,14412354
	WHEATSHEATHSL1,10015,24,-31.756399,159.236298,14412354
Ili,2077,14736414
	ILISL1,10364,3,-9.828100,150.820297,14736414
	ILISL4,10367,4,-9.823800,150.817398,18041993
	ILISL3,10366,2,-9.824100,150.817902,19523657
	ILISL2,10365,4,-9.828200,150.820206,21458486
Coral Bay,2402,15233461
	CORALFL1,11976,4,-23.130501,113.753197,15233461
Langford Island,2565,15281374
	LANGFORDSL1,12206,9,-20.077900,148.873795,15281374
	LANGFORDFL1,12205,2,-20.087700,148.884796,15839851
Bundegi,2401,15281411
	BUNDFL1,11975,3,-21.870399,114.157204,15281411
North Direction Island,1996,15312961
	NDIRECTIONFL1,10198,1,-14.743500,145.513596,15312961
	NDIRECTIONSL3,10955,9,-14.749800,145.514999,18230047
	NDIRECTIONSL1,10197,0,-14.743600,145.515396,45506433
W Ah Chong Is,1952,15344887
	WAHCHONGSL1,9868,7,-20.506300,115.564499,15344887
19-138 Reef,2561,15435858
	19138SL1,12198,7,-19.806900,149.430496,15435858
	19138FL1,12197,0,-19.802401,149.419907,50649104
North Solitary Island Elbow Cave,969,16592204
	NSEC,2987,9,-29.931700,153.389206,16592204
Rebe Reef,2566,16630549
	REBEFL1,12207,2,-19.795000,150.149902,16630549
	REBESL1,12208,8,-19.791901,150.161194,23750575
Gnaraloo Bay,2403,17216157
	GNARFL1,11977,2,-23.764799,113.543900,17216157
Esa Ala,2076,17620823
	ESAALAFL1,10361,4,-9.738300,150.821198,17620823
Mer Island,2303,18241536
	MERFL1,10933,2,-9.913400,144.040604,18241536
	MERSL1,10934,3,-9.913100,144.040298,36678981
Hyde Reef,2563,18348196
	HYDEFL1,12201,2,-19.745701,150.082199,18348196
	HYDESL1,12202,0,-19.738800,150.080994,29650285
Peak Island,1022,18382066
	PEAKFL1,3284,4,-23.341299,150.936905,18382066
	PEAKSL1,3190,7,-23.340900,150.936996,19130903
Becher Pt SZ,2460,18599010
	BECHER,12055,2,-32.372299,115.706100,18599010
Nth Solitary Island Anemony Bay,970,18641768
	NSAB,2988,10,-29.924700,153.386795,18641768
Woiz Reef,2304,18810184
	WOIZFL1,10935,2,-10.174400,143.226395,18810184
	WOIZSL1,10936,4,-10.174100,143.225998,19947970
21-245 Reef,2682,18814777
	21245SL1,12398,7,-21.296499,152.446503,18814777
	21245FL1,12397,0,-21.298000,152.442505,45682658
Tandabiddi,2404,18992000
	TANDFL1,11978,3,-21.908501,113.963600,18992000
Dobu Island,2075,19118579
	DOBUSL1,10362,2,-9.736300,150.869400,19118579
	DOBUSL2,10363,3,-9.736500,150.868896,21416594
	DOBUSL3,13255,2,-9.736600,150.869095,29010939
Wreck Island,2258,19551842
	WRECKSL1,10878,6,-23.331699,151.976196,19551842
S Lowendal,1948,19561593
	LOWENDALFL1,9860,2,-20.786100,115.506699,19561593
Nth Muiron,2405,19843283
	NMUIRFL1,11979,5,-21.655701,114.374603,19843283
Nambung Bay,2820,19961858
	NAMBUNGFL1,12635,0,-30.537701,115.080299,19961858
21-591 Reef,2714,20198586
	21591SL1,12757,8,-21.026600,150.380707,20198586
Bird Island,2901,20564686
	BIRD,13215,0,-32.276798,115.686699,20564686
Knife Reef,2709,21058502
	KNIFEFL1,12558,1,-18.572001,147.575897,21058502
	KNIFESL1,12775,0,-18.571100,147.577194,53398109
Dugong Island,2297,21105902
	DUGONGFL1,10921,1,-10.518000,143.099701,21105902
	DUGONGSL1,12536,0,-10.517600,143.099701,41126658
Chinaman Reef,2256,21366560
	CHINAMANFL1,12585,2,-21.997299,152.664001,21366560
	CHINAMANSL1,10876,10,-21.997900,152.668594,27449049
Temboh Merah,1954,21373788
	TEMBOH-MERAH,9909,10,-12.166500,96.848297,21373788
Orpheus Island,9,21391242
	ORPHFL3,11299,3,-18.755600,146.495804,21391242
	ORPHFL2,11298,4,-18.802500,146.717194,27447747
	ORPHCH1,13476,1,-18.601801,146.488495,69657028
	ORPHFL1,11297,7,-18.645000,146.725800,85387603
	ORPHCH2,14957,8,-18.601700,146.488098,110665425
Rib Reef,743,21398548
	RIBFL1,10199,1,-18.473000,146.877396,21398548
	RIBCH1,13477,2,-18.490101,146.870895,27441534
	RIBCH2,13478,3,-18.490101,146.870895,28281473
	RIBCHS6M,14177,0,-18.492001,146.874405,32857370
	RIBSL1,10200,9,-18.471901,146.878799,35328555
	RIBCHS9M,14176,0,-18.492201,146.874496,57133569
	RIBCHS2M,14178,0,-18.491800,146.874298,63109491
Pompey Reef (No 1),2712,22349074
	POMPEY1SL1,12456,9,-20.921499,150.557098,22349074
	POMPEY1FL1,12455,0,-20.920099,150.558197,67123495
Redcliffe Bay,3001,22349107
	REDCLIFFE1,13516,1,-25.779499,113.691597,22349107
Pumpkin Hollow,2821,22359698
	PUMPKINFL1,12636,0,-30.236700,115.023003,22359698
Border Island,2567,22360683
	BORDERSL1,12210,8,-20.181900,149.037704,22360683
	BORDERFL1,12209,1,-20.171000,149.031906,24716600
Fore And Aft Reef,2706,22702308
	FAFTSL1,12755,9,-18.474100,147.054794,22702308
	FAFTFL1,12584,2,-18.475800,147.054199,47996009
Warraber Island,2302,22796601
	WARRABERFL1,10931,1,-10.200900,142.819107,22796601
	WARRABERSL1,10932,0,-10.200700,142.818893,65311544
Bramble Cay,2381,22796700
	BRAMBLESL1,11956,3,-9.139500,143.876694,22796700
	BRAMBLEFL1,11955,3,-9.473200,143.876694,36846277
Masig Island,2601,23646605
	MASIGFL1,12915,2,0.000000,0.000000,23646605
Nth Fishermans Is,2822,24716690
	NTHFISHFL1,12637,0,-30.127199,114.995697,24716690
Flattop Point,967,24900328
	FT,2985,8,-30.130899,153.210999,24900328
Helix Reef,2707,24900983
	HELIXSL1,12656,8,-18.620100,147.297607,24900983
	HELIXFL1,12557,0,-18.620300,147.295807,53399262
Repulse,3140,24903818
	REPUSL1,13955,2,-20.577900,148.862503,24903818
Small Lagoon Reef,2681,25136434
	SMLLAGSL1,12396,10,-21.866899,152.526093,25136434
	SMLLAGFL1,12395,0,-21.867800,152.523895,25367439
Turtle Bay,3161,25281827
	TURTLEFL1,13976,0,-25.496099,112.986603,25281827
Hedley Reef,2701,25319904
	HEDLSL1,13638,0,-17.225100,146.479004,25319904
	HEDLFL1,12556,2,-17.223499,146.475403,53399062
Cowaramup Bay,2945,25367462
	COWBAYFL1,13357,0,-33.861000,114.987503,25367462
21-062 Reef,2685,25981430
	21062SL1,12422,0,-21.026600,150.853806,25981430
	21062FL1,12417,2,-21.028000,150.853394,56817784
Denham,3000,26736935
	DENHAM1,13515,2,-25.930300,113.523697,26736935
Penguin Is East,2461,26840960
	PENGUIN,12057,2,-32.301498,115.693802,26840960
Stephensons Channel,2176,27139005
	STEPHCHA1,10695,2,-20.465900,115.546799,27139005
Sandy Point,3160,27156538
	SANDPT1,13975,0,-25.724800,113.089996,27156538
Burns Rock,2960,27159870
	BURNSFL1,13375,0,-31.727600,115.705803,27159870
Opal Reef,2690,27449941
	OPALSL1,12579,0,-16.203400,145.906494,27449941
	OPALFL1,12575,0,-16.204201,145.900497,30935040
Hastings Reef,3123,27839859
	HASTSL1,13898,0,-16.499500,146.022293,27839859
	HASTFL1,13978,2,-16.501301,146.016998,52254227
Roxburgh Reef,2705,28533571
	ROXSL1,12761,8,-18.428301,147.059296,28533571
	ROXFL1,12577,2,-18.432100,147.056305,94367965
Nth West Solitary Is-Manta Moor,971,29007414
	NWMA,2989,7,-30.018499,153.266602,29007414
Horseshoe Reef,2700,29607990
	HORSESHOEFL1,13295,0,-22.022699,152.616592,29607990
	HORSESHOESL1,12583,8,-22.022900,152.619202,95814973
Hamelin Pool,2781,30211644
	HAMPOOLFL1,12596,5,-26.439800,114.085403,30211644
Martin,2842,30377031
	MARTSL1,12697,0,-14.755300,145.372192,30377031
Balfour Point,3240,30465426
	BALFOUR1,14099,0,-20.405300,115.581902,30465426
Centaur Reef,3260,31193900
	CENTAUR1,14116,0,-31.852699,115.710403,31193900
Snake Reef,2257,31502960
	SNAKESL1,10877,8,-22.023701,152.195801,31502960
	SNAKEFL1,14355,0,-22.023199,152.192795,32657966
Seal Rocks North,3322,31759371
	SEALFL1,14237,0,-23.958300,151.484894,31759371
Enderby Is,3181,32617763
	ENDERBY,14056,0,-20.568899,116.555000,32617763
Feather Reef,2693,32635134
	FEATHSL1,12655,0,-17.517900,146.390503,32635134
	FEATHFL1,12516,0,-17.518999,146.388702,33007647
Mast Head Reef,2716,32870504
	MASTHEADFL1,12459,1,-23.534201,151.719101,32870504
	MASTHEADSL1,12460,0,-23.534100,151.749695,131062119
Lady Musgrave,3060,32883300
	LADYFL1,13656,0,-23.888399,152.421997,32883300
	LADYSL1,13657,0,-23.883499,152.419800,38303219
Flinders Bay,3002,32998126
	FLINDERSBAY1,13517,0,-34.372501,115.200897,32998126
Bedarra Island,3020,33264310
	BDRASL1,13596,5,-18.009701,146.148102,33264310
	BDRAFL1,13595,2,-18.009399,146.147995,46367107
Boult Reef,2720,33665338
	BOULTSL1,12462,6,-23.745199,152.274704,33665338
	BOULTFL1,12461,1,-23.747000,152.272507,59404006
Wonnich Reef,2335,33849535
	WONNFL1,11916,1,-20.509701,115.477303,33849535
Sailfish Reef,3180,34292928
	SAILFISH,14055,0,-20.455999,116.587502,34292928
Holbourne Island East,3340,34505741
	HOLESL1,14316,0,-19.733299,148.364395,34505741
	HOLEFL1,14315,0,-19.733801,148.364700,39817177
Geographe Bay,2943,35263851
	GEOBAYFL1,13355,0,-33.630798,115.149902,35263851
19-131 Reef,2560,35297915
	19131FL1,12195,2,-19.764099,149.378601,35297915
	19131SL1,12196,7,-19.766199,149.380203,53879309
	19131SL3,15438,9,-19.772800,149.376007,54313364
Hammersley Shoals,3183,35661112
	HAMMERSLEY,14058,0,-20.365700,116.816902,35661112
19-159 Reef,2562,35695012
	19159SL1,12200,0,-19.662800,149.915207,35695012
	19159FL1,12199,0,-19.666100,149.914597,123540069
Cherepo,2295,35940716
	CHEREPOFL1,10917,1,-10.689300,142.279907,35940716
21-139 Reef,2686,36120636
	21139FL1,12418,0,-21.455200,151.465393,36120636
	21139SL1,12435,8,-21.454700,151.465393,71310714
Peart Reef,2692,36741218
	PEARTSL1,12657,8,-17.466499,146.403107,36741218
	PEARTFL1,12576,2,-17.467600,146.401993,43039484
Penrith Reef,2713,36774912
	PENRITHSL1,12760,7,-21.003201,149.887497,36774912
	PENRITHFL1,12759,2,-21.003599,149.888199,79009461
Crystal Head,3403,37001529
	CRYHEAD,14457,0,-14.455400,125.843803,37001529
North Reef,2740,37390197
	NORTHFL1,12457,0,-23.177500,151.904099,37390197
	NORTHSL1,12458,9,-23.175501,151.908600,40266409
20-104 Reef,2564,37390224
	20104FL1,12203,0,-20.028601,149.693298,37390224
	20104SL1,12204,8,-20.029400,149.695099,131526966
21-278 Reef,2683,37899755
	21278SL1,12437,8,-21.108500,152.550201,37899755
St Crispin Reef,2689,39230687
	STCRISPFL1,12420,1,-16.073299,145.843796,39230687
	STCRISPSL1,12421,9,-16.071301,145.845306,58752168
NE Regnard,3182,39256526
	NEREGNARD,14057,0,-20.778601,116.315102,39256526
Agincourt Reef Number 1,3702,39415671
	AG1SL1,14835,10,-16.038401,145.868805,39415671
	AG1FL1,14836,2,-16.039801,145.865204,49940840
Booby Island,2275,39632599
	BOOBYFL1,10915,0,-10.603100,141.911301,39632599
	BOOBYSL1,10916,2,-10.603100,141.911301,56844286
Murrungga Island,3421,39699051
	MURFL1,14496,4,-11.913300,135.030106,39699051
	MURFL2,14497,6,-11.921500,135.139801,47839870
Taylor Reef,2704,40314252
	TAYLORSL1,13636,0,-17.810699,146.571594,40314252
	TAYLORFL1,12578,0,-17.812099,146.570297,63925098
Rapuma Island,3420,40706734
	RAP1,14495,0,-12.042700,134.906693,40706734
21-550 Reef,2715,41437361
	21550SL1,12586,0,-21.961201,152.316803,41437361
	21550FL1,12475,0,-21.947100,152.306900,61395798
21-296 Reef,2684,42244676
	21296SL1,12416,0,-21.328300,152.565598,42244676
Thetford Reef,2015,42595718
	THETSL1,10635,9,-16.798800,146.198105,42595718
	THETFL1,13535,0,-16.799500,146.195099,43126396
Maizab,3540,42786333
	MAIZABFL1,14655,0,-9.140000,143.876297,42786333
	MAIZABSL1,14656,0,-9.139500,143.875900,71258386
Erskine Island,3121,43068005
	ERSKSL1,13895,0,-23.498301,151.774704,43068005
	ERSKFL1,13896,0,-23.499300,151.774902,71516510
Bickerton Island,3681,44336209
	BICKERTON1,14816,2,-13.754300,136.273605,44336209
Yonge Reef,1001,44636087
	YONFL2,12699,0,-14.573100,145.614700,44636087
	YONSL1,3147,0,-14.570100,145.618301,116138387
	YONFL1,3146,0,-14.580800,145.613602,116533203
Centipede Reef,2710,44827940
	CENTSL1,12776,0,-18.732401,147.554001,44827940
	CENTFL1,12495,0,-18.734100,147.552200,88604239
21-187 Reef,2687,44848513
	21187SL1,12436,0,-21.405399,151.638397,44848513
	21187FL1,12419,1,-21.407200,151.641403,49311187
One Tree Island,131,45524471
	OTIT1,15215,2,-23.483299,152.073898,45524471
	OTIT4,15255,9,-23.483299,152.073898,66413961
	OTIT3,15217,6,-23.483299,152.073898,66414600
	OTIT2,15216,2,-23.483299,152.073898,66432348
Gurriba Island,3422,46367080
	GURFL2,14499,3,-11.692100,135.172607,46367080
	GURFL1,14498,3,-11.705600,135.152405,132999617
Kubin Island,2298,47381311
	KUBINSL1,10924,0,-10.238800,142.217606,47381311
Shark Bay,2500,47835827
	SHARKFL1,12155,1,-25.857500,113.192200,47835827
Gannet Cay Reef,2760,48019025
	GANNETFL1,12582,0,-21.978399,152.474197,48019025
	GANNETSL1,13639,9,-21.975800,152.479706,81312647
Mabuiag Island,2299,48552917
	MABUIAGFL1,10925,0,-9.950600,142.204605,48552917
	MABUIAGSL1,10926,0,-9.950600,142.204407,133497146
Yorke,3580,49158796
	YORKEFL1,14695,0,-9.760400,143.398697,49158796
	YORKESL1,14696,10,-9.760500,143.398407,91546276
McCulloch Reef,2702,49205471
	MCCULLSL1,12777,0,-17.284100,146.479599,49205471
	MCCULLFL1,13635,0,-17.283400,146.477707,97564342
Lissenung Island,2440,49795480
	LISSENUNGLAG,12015,1,-2.665100,150.733398,49795480
Camp Island East,3341,49812636
	CAMEFL1,14318,0,-19.850800,147.905197,49812636
Yam Island,2301,50649082
	YAMFL1,10929,0,-9.892500,142.764099,50649082
Henderson Island,3764,53398415
	HenderSL1,14897,5,-21.485600,149.909103,53398415
	HenderFL1,14898,2,-21.485399,149.909607,121171038
Curd Reef,3480,53399374
	CURDFL1,14595,1,-12.585300,143.511200,53399374
	CURDSL1,14596,7,-12.584700,143.511200,87639117
Rat Island,3320,53821630
	RATFL1,14235,0,-23.767000,151.318497,53821630
Observatory Rocks,3741,54593288
	OBSDSL1,14875,22,-31.750500,159.237198,54593288
North East Island,3682,55387405
	NEISLAND1,14817,2,-13.647700,136.948105,55387405
Twin Island,2296,56533272
	TWINFL1,10919,0,-10.462900,142.435806,56533272
	TWINSL1,10920,0,-10.463100,142.435806,75218930
Linnet Reef,1995,57097103
	LINNETFL1,10196,0,-14.781100,145.347397,57097103
	LINNETSL1,10195,6,-14.785200,145.355392,115212561
No Name,2844,59236857
	NONAMESL1,12701,8,-14.627900,145.645294,59236857
	NONAMEFL1,14376,1,-14.630800,145.641800,80727373
Tern Reef,2711,59556379
	TERNFL1,12762,4,-20.902300,150.026398,59556379
	TERNSL1,12763,9,-20.899000,150.028900,80716876
Grub Reef,2708,60590303
	GRUBFL1,12555,2,-18.621401,147.432999,60590303
	GRUBSL1,12758,9,-18.621599,147.432693,91410348
Canal Rocks,2944,63790763
	CANALFL1,13356,0,-33.669300,114.997002,63790763
NE Hat Point,3400,64215158
	NEHATPOINT,14455,0,-13.915400,126.037498,64215158
Aquila Island,3782,64483844
	AQUILFL1,14915,2,-21.961100,149.581604,64483844
Manning Island,3321,71108584
	MANNINGFL1,14236,0,-23.854000,151.353302,71108584
Lagoon Reef,3460,71592578
	LAGFL1,14575,1,-12.392300,143.740005,71592578
	LAGSL1,14576,8,-12.392600,143.739807,87649204
	LAGDSL1,14577,25,-12.392600,143.739807,119806609
Moore Reef-Coral Sea,3500,72177336
	MOOREFL1,14615,2,-15.886600,149.151596,72177336
	MOORESL1,14616,9,-15.886600,149.151596,124836051
Farquharson Reef,2703,72502145
	FARQFL1,12515,1,-17.790001,146.531494,72502145
	FARQSL1,13637,7,-17.791201,146.532394,90054648
Barrbira,3660,73975269
	BARRBIRA1,14736,2,-12.416100,136.891098,73975269
Macgillivray,2841,74290486
	MACGSL1,12696,8,-14.648500,145.491501,74290486
Bonner Rocks,3661,75122122
	BONNER1,14755,3,-12.084000,136.580597,75122122
Hamelin Bay,2946,85964162
	HAMBAYFL1,13358,0,-34.220600,115.026802,85964162
Yingindiyumanja,3680,91935660
	YINGINDIYUMANJA1,14815,2,-13.640900,136.729904,91935660
Dampier Peninsula,3820,109360080
	Jorrol,15375,2,-16.431000,123.207001,109360080
	Ngamagoon,15115,3,-16.429501,122.898598,109364196
Pine Peak Island,3763,113349877
	PinePkFL1,14896,2,-21.514500,150.251495,113349877
	PinePkSL1,14895,5,-21.514299,150.251205,115090455
Carter,2843,115265332
	CARTSL1,12700,8,-14.523800,145.581696,115265332
Tuesday,3560,119402819
	TUESDAYFL1,14675,0,-10.551900,142.326508,119402819
	TUESDAYSL1,14676,0,-10.551800,142.326401,119403033
Banubanu,3641,122398800
	BANUBANU1,14735,4,-12.074200,136.819595,122398800
Buffon Island,3404,124811265
	BUFFON,14458,0,-14.914900,124.747597,124811265
Cape Voltaire,3402,126241176
	CAPVOLT,14456,0,-14.234900,125.599503,126241176
Black Rocks Reef,860,135488022
	BLAFL1,2616,0,-16.244499,145.487198,135488022
	BLASL1,2618,0,-16.244499,145.487198,135507593
Hay Point,904,135612078
	HPTFL1,2673,0,-21.253300,149.308304,135612078
	HPTSL1,2759,5,-21.253300,149.308304,136963793
Weipa(channel),928,135644719
	WEISL2,2700,0,-12.678300,141.788300,135644719
Mourilyan,919,136052741
	MOUFL1,2689,0,-17.599800,146.123901,136052741
	MOUSL1,2690,5,-17.599800,146.123901,136299050
Wongarra,940,136243194
	WONSL1,2733,5,-24.809999,152.449997,136243194
	WONFL1,2734,0,-24.770000,152.419998,136599214
Weipa(lorim point),927,136735942
	WEISL1,2699,5,-12.670900,141.866501,136735942
	WEIFL1,3044,0,-12.670900,141.866501,140103588
21-583 Reef,963,137926223
	21-5FL1,2915,0,-21.940800,152.656097,137926223
	21-5SL1,2914,6,-21.938900,152.659698,138356443
Middle Island,962,137934005
	MIIFL1,2909,4,-23.163300,150.921707,137934005
	MIISL1,2930,4,-23.165001,150.923294,138423717
Pimpernel Rock,973,139301037
	PIMP,2991,28,-29.698099,153.397400,139301037
Cleveland Bay,3,139330351
	CLEVAWSSL1,3007,7,-19.155701,146.881302,139330351
	CLEVAWSFL1,3069,1,-19.155701,146.881302,140529891
Karumba,979,139729646
	KURSL1,3045,5,-17.493500,140.830200,139729646
	KURFL1,3046,0,-17.493500,140.830200,140102601
Cod Grounds,984,140155035
	CODGRD,3070,23,-31.683001,152.909195,140155035
NE Lihou Reef (Turtle Islet),996,140571076
	NELIHOUFL2,3107,2,-17.113600,151.998398,140571076
	NELIHOUFL1,3106,2,-17.113600,151.998398,141046431
Banyak Coral,1019,142225105
	BANYAK,3183,10,-11.829700,96.817398,142225105
South West Herald Cay,1021,142494680
	SWHERALDFL2,3187,2,-16.980301,149.132004,142494680
Green Island,1030,142721325
	GREEN,3213,12,-30.911501,153.089401,142721325
Pulu Chepelok,1020,142980915
	PULU CHEPELOK,3184,10,-12.136500,96.922203,142980915
Horsburgh,1023,143060229
	HORSBURGHSL1,3191,10,-12.070200,96.842102,143060229
North Point,1024,143096747
	NORTHPOINT,3192,10,-12.084200,96.755600,143096747
100th Site,1034,143428805
	100THSITE,3237,3,-12.106900,96.870903,143428805
Laurieton Reef,1031,143490509
	LAURTN,3214,12,-31.640600,152.852707,143490509
Bargara,1049,147354706
	BUNSL1,3466,4,-24.798901,152.450302,147354706
	BUNSL2,3444,4,-24.775900,152.426697,147439252
Hardy Reef,6,147887191
	HARAWS,3499,9,-19.745300,149.182800,147887191
Lennox Head,1052,150142468
	LENNOX,3638,11,-28.806101,153.609406,150142468
